region, T, n, Tlo, nlo, Thi, nhi
annu_A223_1, 4.50526, 0.120211,4.127436,  0.11318821, 4.887268000000001, 0.12721645
annu_A223_2, 3.46765, 0.0280141,2.927626,  0.025196653000000003, 4.037141, 0.030795359
